Area,MajorAxisLength,MinorAxisLength,Eccentricity,ConvexArea,Extent,Perimeter,Class
87524,442.25,253.29,0.82,90546.00,0.76,1184.04,Kecimen
75166,406.69,243.03,0.80,78789.00,0.68,1121.79,Kecimen
90856,442.27,266.33,0.80,93717.00,0.64,1208.58,Kecimen
45928,286.54,208.76,0.68,47336.00,0.70,844.16,Kecimen
79408,352.19,290.83,0.56,81463.00,0.79,1073.25,Kecimen
49242,318.13,200.12,0.78,51368.00,0.66,881.84,Kecimen
42492,310.15,176.13,0.82,43904.00,0.67,823.80,Kecimen
60952,332.46,235.43,0.71,62329.00,0.74,933.37,Kecimen
42256,323.19,172.58,0.85,44743.00,0.70,849.73,Kecimen
64380,366.96,227.77,0.78,66125.00,0.66,981.54,Kecimen
80437,449.45,232.33,0.86,84460.00,0.67,1176.31,Kecimen
43725,301.32,186.95,0.78,45021.00,0.70,818.87,Kecimen
43441,276.61,201.81,0.68,45133.00,0.69,803.75,Kecimen
76792,338.86,291.36,0.51,78842.00,0.77,1042.77,Kecimen
74167,387.80,247.86,0.77,76807.00,0.68,1084.73,Kecimen
33565,261.55,167.71,0.77,35794.00,0.68,751.41,Kecimen
64670,403.08,206.48,0.86,66419.00,0.76,1028.45,Kecimen
64762,354.29,235.75,0.75,66713.00,0.69,981.51,Kecimen
43295,304.28,182.81,0.80,44714.00,0.71,814.68,Kecimen
70699,418.70,216.60,0.86,72363.00,0.73,1061.32,Kecimen
69726,354.18,252.53,0.70,71849.00,0.73,1035.50,Kecimen
57346,330.48,222.44,0.74,59365.00,0.72,928.27,Kecimen
82028,397.11,268.33,0.74,84427.00,0.69,1106.36,Kecimen
61251,301.51,273.66,0.42,64732.00,0.64,971.77,Kecimen
96277,447.13,275.22,0.79,97865.00,0.70,1181.92,Kecimen
75620,368.22,263.46,0.70,77493.00,0.73,1059.19,Kecimen
73167,340.06,276.02,0.58,74545.00,0.78,1010.47,Kecimen
60847,336.92,231.47,0.73,62492.00,0.70,964.60,Kecimen
81021,347.75,297.64,0.52,82552.00,0.76,1063.87,Kecimen
59902,358.59,222.90,0.78,63250.00,0.74,982.79,Kecimen
88745,429.77,265.69,0.79,90715.00,0.75,1162.88,Kecimen
41809,307.53,175.09,0.82,43838.00,0.70,828.70,Kecimen
75329,364.23,265.87,0.68,77541.00,0.72,1075.79,Kecimen
61600,350.18,225.84,0.76,63397.00,0.75,972.47,Kecimen
46427,253.84,235.91,0.37,48275.00,0.68,844.31,Kecimen
40861,249.74,213.57,0.52,43096.00,0.74,784.91,Kecimen
55827,305.30,234.66,0.64,57724.00,0.70,926.10,Kecimen
54182,366.07,192.01,0.85,56450.00,0.61,968.73,Kecimen
77468,405.94,245.99,0.80,79220.00,0.72,1100.68,Kecimen
49882,287.26,222.19,0.63,50880.00,0.77,843.76,Kecimen
95245,397.09,307.27,0.63,97988.00,0.75,1201.39,Kecimen
71464,364.10,253.80,0.72,73265.00,0.72,1036.94,Kecimen
77055,375.25,262.81,0.71,79255.00,0.73,1095.28,Kecimen
92384,368.41,320.71,0.49,93772.00,0.75,1135.66,Kecimen
77310,436.53,228.28,0.85,80138.00,0.63,1141.19,Kecimen
57580,330.23,232.06,0.71,60232.00,0.65,992.11,Kecimen
69708,375.45,239.13,0.77,71321.00,0.73,1022.57,Kecimen
41502,260.51,205.87,0.61,43114.00,0.82,790.43,Kecimen
45800,330.01,181.67,0.83,47802.00,0.73,870.39,Kecimen
52623,312.00,218.04,0.72,54175.00,0.68,902.62,Kecimen
44939,317.62,183.32,0.82,46400.00,0.66,845.79,Kecimen
114648,508.13,288.95,0.82,118314.00,0.68,1340.90,Kecimen
65727,403.19,210.07,0.85,67372.00,0.62,1030.16,Kecimen
45683,333.26,177.77,0.85,48787.00,0.63,901.10,Kecimen
111450,478.31,298.63,0.78,113256.00,0.69,1298.19,Kecimen
47581,306.81,203.10,0.75,49203.00,0.67,861.58,Kecimen
57127,311.64,238.64,0.64,59943.00,0.69,952.02,Kecimen
53006,333.38,206.88,0.78,55456.00,0.69,936.37,Kecimen
69060,328.49,275.89,0.54,72223.00,0.73,1039.55,Kecimen
25387,225.63,144.62,0.77,26139.00,0.68,619.07,Kecimen
66774,348.56,246.48,0.71,69097.00,0.69,1003.37,Kecimen
47839,312.60,198.75,0.77,50166.00,0.70,868.06,Kecimen
78571,443.82,228.76,0.86,81718.00,0.64,1157.33,Kecimen
64717,342.58,245.73,0.70,66649.00,0.66,997.99,Kecimen
60462,373.34,208.11,0.83,62213.00,0.67,990.55,Kecimen
59370,345.95,221.92,0.77,61464.00,0.70,981.52,Kecimen
54056,332.27,208.62,0.78,55539.00,0.67,912.15,Kecimen
89235,443.52,258.95,0.81,91201.00,0.66,1179.69,Kecimen
51727,321.13,208.77,0.76,52913.00,0.75,903.31,Kecimen
71595,387.31,236.75,0.79,74045.00,0.72,1069.77,Kecimen
95347,451.53,280.23,0.78,99256.00,0.67,1255.25,Kecimen
60449,383.80,208.17,0.84,64346.00,0.68,1054.20,Kecimen
69006,379.32,241.85,0.77,72895.00,0.70,1086.86,Kecimen
68520,373.24,237.04,0.77,70759.00,0.71,1049.09,Kecimen
52731,309.98,219.73,0.71,54438.00,0.70,894.48,Kecimen
50570,311.34,208.32,0.74,51743.00,0.72,873.78,Kecimen
75825,391.20,248.50,0.77,77437.00,0.75,1081.34,Kecimen
42637,293.43,189.43,0.76,44052.00,0.73,814.18,Kecimen
76984,425.05,233.97,0.83,78641.00,0.76,1091.75,Kecimen
47851,323.15,191.61,0.81,49187.00,0.77,860.40,Kecimen
51220,328.65,202.51,0.79,52903.00,0.69,896.73,Kecimen
53890,331.09,216.58,0.76,57109.00,0.70,957.13,Kecimen
58650,346.34,219.68,0.77,62380.00,0.66,991.61,Kecimen
98935,387.52,326.90,0.54,100747.00,0.74,1176.60,Kecimen
77587,396.81,251.94,0.77,79970.00,0.70,1100.84,Kecimen
180898,843.96,323.19,0.92,221396.00,0.45,2253.56,Kecimen
71266,390.71,235.69,0.80,73002.00,0.66,1034.18,Kecimen
39457,267.56,188.77,0.71,40472.00,0.70,755.82,Kecimen
35237,267.55,173.53,0.76,37418.00,0.71,750.91,Kecimen
49059,301.80,210.47,0.72,50835.00,0.70,867.58,Kecimen
53896,319.07,217.70,0.73,55392.00,0.75,889.63,Kecimen
56469,325.34,225.12,0.72,58697.00,0.69,933.90,Kecimen
85156,422.28,260.21,0.79,87057.00,0.70,1140.68,Kecimen
67044,361.26,238.23,0.75,68626.00,0.76,989.02,Kecimen
52243,331.45,206.76,0.78,55774.00,0.71,934.55,Kecimen
38968,269.40,185.73,0.72,40147.00,0.74,769.24,Kecimen
79661,360.07,282.74,0.62,81032.00,0.78,1045.66,Kecimen
59282,329.24,233.77,0.70,60580.00,0.73,920.57,Kecimen
48177,305.78,202.47,0.75,49877.00,0.68,860.55,Kecimen
74904,342.90,280.12,0.58,75898.00,0.73,1012.37,Kecimen
81581,424.28,245.51,0.82,83143.00,0.76,1114.74,Kecimen
57820,376.19,199.80,0.85,59968.00,0.71,978.85,Kecimen
57808,309.97,241.37,0.63,58954.00,0.71,911.86,Kecimen
55306,353.15,204.13,0.82,57396.00,0.74,973.26,Kecimen
59459,347.16,222.11,0.77,61585.00,0.71,966.33,Kecimen
44247,319.79,178.65,0.83,45872.00,0.68,842.12,Kecimen
48945,269.37,239.16,0.46,51456.00,0.71,872.29,Kecimen
68864,343.68,261.99,0.65,71726.00,0.70,1035.02,Kecimen
82826,396.71,269.76,0.73,84981.00,0.75,1115.81,Kecimen
65396,331.54,253.24,0.65,66783.00,0.76,975.43,Kecimen
81572,393.72,265.81,0.74,84964.00,0.70,1187.34,Kecimen
44367,322.50,176.71,0.84,46531.00,0.73,883.97,Kecimen
51448,328.29,202.16,0.79,52772.00,0.70,877.80,Kecimen
50545,286.87,227.16,0.61,51771.00,0.84,847.66,Kecimen
94063,448.12,276.61,0.79,99085.00,0.71,1259.45,Kecimen
84129,413.03,261.64,0.77,86242.00,0.71,1144.97,Kecimen
79735,411.00,250.22,0.79,83306.00,0.75,1154.54,Kecimen
90176,390.21,294.76,0.66,91793.00,0.76,1136.67,Kecimen
61492,356.43,224.16,0.78,65298.00,0.69,1013.20,Kecimen
79532,367.53,277.22,0.66,81603.00,0.74,1075.27,Kecimen
69302,354.96,254.45,0.70,71843.00,0.70,1051.02,Kecimen
52266,320.44,213.86,0.74,54116.00,0.68,923.19,Kecimen
51180,288.63,226.63,0.62,52396.00,0.74,856.00,Kecimen
55787,333.70,226.95,0.73,59520.00,0.69,977.43,Kecimen
96064,411.21,303.23,0.68,99609.00,0.73,1223.90,Kecimen
54316,351.81,198.42,0.83,55960.00,0.66,930.63,Kecimen
70941,326.01,278.10,0.52,72330.00,0.76,993.05,Kecimen
55770,293.58,243.48,0.56,57633.00,0.74,900.11,Kecimen
47478,299.82,205.30,0.73,48900.00,0.72,861.18,Kecimen
88197,473.29,238.74,0.86,90297.00,0.66,1193.28,Kecimen
74728,355.31,270.74,0.65,76287.00,0.77,1048.68,Kecimen
70788,362.65,249.40,0.73,71954.00,0.75,1003.77,Kecimen
48894,318.10,197.50,0.78,50468.00,0.66,875.17,Kecimen
52051,313.70,213.63,0.73,53550.00,0.70,893.45,Kecimen
53270,336.15,204.31,0.79,55288.00,0.69,922.01,Kecimen
57227,354.43,207.59,0.81,59307.00,0.65,953.50,Kecimen
97026,455.97,273.05,0.80,99561.00,0.67,1212.67,Kecimen
58495,368.74,205.76,0.83,61496.00,0.63,998.44,Kecimen
53758,359.53,193.40,0.84,57197.00,0.71,965.07,Kecimen
110616,461.14,306.90,0.75,112150.00,0.75,1252.88,Kecimen
49175,281.43,224.49,0.60,50672.00,0.73,845.13,Kecimen
53698,348.22,197.75,0.82,56089.00,0.73,938.71,Kecimen
73125,408.94,231.22,0.82,75540.00,0.66,1096.75,Kecimen
50445,308.36,208.86,0.74,51555.00,0.72,851.63,Kecimen
46742,303.56,199.45,0.75,48077.00,0.71,847.79,Kecimen
69317,393.40,228.72,0.81,72170.00,0.66,1066.39,Kecimen
75314,392.65,246.08,0.78,77118.00,0.70,1073.77,Kecimen
54428,339.11,206.65,0.79,56175.00,0.72,922.88,Kecimen
39509,286.23,180.44,0.78,41446.00,0.72,790.53,Kecimen
66568,342.25,249.55,0.68,68078.00,0.76,993.46,Kecimen
45264,290.59,203.32,0.71,48142.00,0.66,879.83,Kecimen
57980,336.31,222.61,0.75,59311.00,0.78,925.80,Kecimen
75114,368.73,262.47,0.70,77454.00,0.74,1051.27,Kecimen
78991,362.64,279.09,0.64,80355.00,0.71,1071.39,Kecimen
76253,364.23,269.52,0.67,78443.00,0.72,1070.05,Kecimen
83229,423.84,253.81,0.80,86345.00,0.65,1153.43,Kecimen
45962,251.13,235.37,0.35,47173.00,0.74,810.20,Kecimen
57766,344.74,215.11,0.78,59834.00,0.74,950.72,Kecimen
39669,252.75,202.26,0.60,41860.00,0.66,791.46,Kecimen
41050,316.84,167.33,0.85,42965.00,0.64,846.83,Kecimen
47771,311.52,197.09,0.77,49237.00,0.68,857.78,Kecimen
53389,301.85,228.52,0.65,55158.00,0.72,906.67,Kecimen
73319,392.36,239.19,0.79,75653.00,0.71,1075.28,Kecimen
91831,463.36,257.95,0.83,95560.00,0.71,1252.76,Kecimen
71452,397.96,239.80,0.80,73864.00,0.75,1101.50,Kecimen
59970,353.00,219.68,0.78,61834.00,0.76,978.63,Kecimen
51683,325.24,208.91,0.77,54510.00,0.73,928.22,Kecimen
41283,268.13,199.64,0.67,42505.00,0.73,798.52,Kecimen
92735,436.99,271.58,0.78,94693.00,0.70,1183.45,Kecimen
44627,297.26,194.76,0.76,46921.00,0.68,848.49,Kecimen
84260,411.40,262.97,0.77,85978.00,0.69,1157.00,Kecimen
59076,350.49,216.68,0.79,61643.00,0.65,988.27,Kecimen
58741,345.49,222.38,0.77,60701.00,0.71,948.23,Kecimen
68627,411.89,216.89,0.85,70932.00,0.74,1097.29,Kecimen
51941,349.23,191.82,0.84,53893.00,0.71,912.26,Kecimen
77161,394.28,253.21,0.77,82746.00,0.67,1127.41,Kecimen
85105,382.29,288.76,0.66,88056.00,0.78,1139.45,Kecimen
52508,297.70,226.25,0.65,53588.00,0.76,862.78,Kecimen
39941,251.85,208.47,0.56,41594.00,0.71,777.66,Kecimen
48693,306.57,204.28,0.75,50298.00,0.74,848.42,Kecimen
87858,441.22,255.66,0.82,90905.00,0.71,1176.29,Kecimen
67718,373.92,233.23,0.78,71102.00,0.74,1024.99,Kecimen
63968,333.01,247.89,0.67,65403.00,0.76,953.45,Kecimen
43461,333.71,169.31,0.86,45669.00,0.68,867.45,Kecimen
81546,381.35,273.81,0.70,82807.00,0.71,1057.45,Kecimen
43563,296.52,188.20,0.77,45174.00,0.70,817.41,Kecimen
36145,280.76,166.59,0.80,37401.00,0.81,747.16,Kecimen
57741,316.48,234.28,0.67,58976.00,0.71,906.83,Kecimen
69024,372.82,237.66,0.77,70649.00,0.72,1015.77,Kecimen
78982,421.16,241.64,0.82,81442.00,0.75,1102.42,Kecimen
78240,401.93,249.83,0.78,79677.00,0.76,1059.64,Kecimen
87036,384.97,289.45,0.66,88336.00,0.73,1094.59,Kecimen
37569,232.43,208.15,0.44,38874.00,0.79,734.10,Kecimen
79748,441.93,231.72,0.85,81718.00,0.74,1120.96,Kecimen
44156,307.71,186.09,0.80,45285.00,0.63,820.71,Kecimen
87302,392.91,284.18,0.69,89605.00,0.74,1122.16,Kecimen
69312,373.80,237.19,0.77,70719.00,0.71,1001.24,Kecimen
86545,350.13,315.72,0.43,87512.00,0.79,1070.06,Kecimen
59729,337.04,231.81,0.73,62511.00,0.68,966.44,Kecimen
59822,336.58,227.95,0.74,60648.00,0.70,916.04,Kecimen
63452,334.85,243.24,0.69,64925.00,0.74,945.52,Kecimen
61996,333.75,243.54,0.68,63641.00,0.67,958.63,Kecimen
74763,391.23,245.54,0.78,77508.00,0.69,1063.38,Kecimen
73193,401.07,235.83,0.81,75563.00,0.74,1050.91,Kecimen
66508,344.90,249.09,0.69,69240.00,0.70,1001.71,Kecimen
74849,379.93,252.62,0.75,76154.00,0.74,1040.79,Kecimen
38585,274.45,180.96,0.75,39926.00,0.70,762.44,Kecimen
61377,339.73,234.02,0.72,64027.00,0.71,975.55,Kecimen
39547,259.42,198.47,0.64,40765.00,0.73,763.98,Kecimen
49998,301.78,212.33,0.71,50857.00,0.78,834.33,Kecimen
49063,294.75,217.91,0.67,50732.00,0.66,869.80,Kecimen
46961,343.79,177.14,0.86,48476.00,0.61,891.53,Kecimen
57271,372.70,196.98,0.85,58786.00,0.77,949.94,Kecimen
58909,347.34,218.12,0.78,60379.00,0.70,944.88,Kecimen
51336,321.88,206.15,0.77,53944.00,0.74,898.55,Kecimen
62422,324.56,247.71,0.65,64021.00,0.72,947.54,Kecimen
48447,331.05,189.92,0.82,49996.00,0.63,883.04,Kecimen
64364,376.66,221.66,0.81,67510.00,0.65,1057.90,Kecimen
72915,414.72,229.56,0.83,76912.00,0.68,1131.10,Kecimen
49414,290.46,219.42,0.66,51029.00,0.71,869.19,Kecimen
45723,291.20,203.02,0.72,48658.00,0.65,875.76,Kecimen
64988,371.35,226.91,0.79,67847.00,0.67,1048.19,Kecimen
56709,293.41,247.72,0.54,58143.00,0.78,904.51,Kecimen
93559,438.63,275.58,0.78,95750.00,0.69,1198.26,Kecimen
81916,398.33,265.42,0.75,85615.00,0.66,1113.14,Kecimen
79274,406.98,255.22,0.78,81976.00,0.71,1110.38,Kecimen
88724,446.43,260.38,0.81,92630.00,0.66,1216.54,Kecimen
65469,374.47,227.54,0.79,68018.00,0.71,1020.03,Kecimen
75799,340.98,289.15,0.53,79230.00,0.74,1065.19,Kecimen
76741,383.98,258.13,0.74,79198.00,0.75,1056.74,Kecimen
54219,344.29,204.50,0.80,56526.00,0.69,931.43,Kecimen
52693,283.50,242.11,0.52,54860.00,0.74,895.75,Kecimen
84539,441.53,248.37,0.83,87728.00,0.69,1169.98,Kecimen
34559,264.52,168.98,0.77,36516.00,0.66,750.37,Kecimen
49715,302.35,213.36,0.71,52250.00,0.65,877.43,Kecimen
39716,243.04,210.11,0.50,40598.00,0.78,737.47,Kecimen
46845,264.97,225.84,0.52,47739.00,0.76,799.99,Kecimen
52547,358.37,189.21,0.85,54649.00,0.70,929.47,Kecimen
41593,310.67,178.32,0.82,44753.00,0.57,870.06,Kecimen
44460,294.62,197.56,0.74,47486.00,0.65,849.23,Kecimen
51145,317.35,211.03,0.75,53531.00,0.71,895.04,Kecimen
43345,323.86,175.19,0.84,46785.00,0.65,877.02,Kecimen
53987,331.35,213.17,0.77,56076.00,0.67,931.12,Kecimen
59514,368.64,209.13,0.82,61469.00,0.76,968.36,Kecimen
85739,380.37,288.26,0.65,87052.00,0.76,1094.58,Kecimen
56096,313.39,232.28,0.67,58701.00,0.71,929.12,Kecimen
46120,300.10,201.21,0.74,49996.00,0.63,907.03,Kecimen
57676,333.97,222.27,0.75,58991.00,0.69,926.26,Kecimen
62064,352.37,227.86,0.76,64811.00,0.65,1004.25,Kecimen
50274,305.40,212.27,0.72,52016.00,0.69,868.95,Kecimen
77225,362.14,277.01,0.64,80872.00,0.73,1110.44,Kecimen
45598,259.90,225.66,0.50,47266.00,0.74,813.28,Kecimen
38545,283.99,175.42,0.79,39765.00,0.76,770.59,Kecimen
39439,246.76,212.64,0.51,42795.00,0.65,793.01,Kecimen
74109,416.71,230.56,0.83,78032.00,0.71,1095.06,Kecimen
41755,296.79,184.19,0.78,43362.00,0.69,804.56,Kecimen
61463,369.40,213.62,0.82,63117.00,0.79,966.49,Kecimen
43743,300.91,185.85,0.79,44836.00,0.67,802.26,Kecimen
73499,346.05,275.51,0.61,76355.00,0.73,1050.01,Kecimen
40403,289.26,179.22,0.78,41209.00,0.72,761.95,Kecimen
62343,348.29,232.82,0.74,63897.00,0.71,979.45,Kecimen
46008,296.88,212.03,0.70,48762.00,0.70,860.58,Kecimen
43495,271.65,205.16,0.66,44535.00,0.75,785.84,Kecimen
50649,327.11,199.54,0.79,52462.00,0.77,875.27,Kecimen
61235,349.03,226.80,0.76,63504.00,0.72,974.08,Kecimen
78883,395.10,256.96,0.76,80973.00,0.68,1092.71,Kecimen
58734,367.48,205.02,0.83,59845.00,0.76,945.19,Kecimen
68253,388.45,224.73,0.82,70347.00,0.75,1042.26,Kecimen
62401,394.40,203.14,0.86,64722.00,0.74,1004.35,Kecimen
73046,397.34,234.83,0.81,74242.00,0.69,1037.40,Kecimen
54968,300.95,234.39,0.63,56851.00,0.75,893.64,Kecimen
84057,452.78,245.22,0.84,86710.00,0.62,1179.02,Kecimen
90178,466.25,250.10,0.84,92321.00,0.75,1180.48,Kecimen
67883,383.19,233.36,0.79,70360.00,0.70,1030.87,Kecimen
43901,304.10,191.30,0.78,46443.00,0.65,884.50,Kecimen
33662,227.29,191.11,0.54,34787.00,0.79,699.42,Kecimen
77043,388.69,257.55,0.75,80094.00,0.73,1112.21,Kecimen
64875,393.21,212.95,0.84,67701.00,0.77,1014.79,Kecimen
42609,280.15,200.27,0.70,44944.00,0.67,840.17,Kecimen
79510,380.72,267.03,0.71,81779.00,0.73,1075.31,Kecimen
58857,320.81,235.39,0.68,60597.00,0.69,927.05,Kecimen
67754,349.20,251.68,0.69,69536.00,0.66,1032.36,Kecimen
54842,308.23,227.26,0.68,55879.00,0.74,887.11,Kecimen
78352,408.81,245.44,0.80,80474.00,0.68,1099.51,Kecimen
72447,401.74,231.54,0.82,74481.00,0.71,1055.30,Kecimen
58239,324.30,231.00,0.70,59977.00,0.72,940.22,Kecimen
93879,409.49,292.92,0.70,96072.00,0.77,1174.17,Kecimen
68129,381.18,230.06,0.80,70141.00,0.66,1050.87,Kecimen
74426,411.70,231.75,0.83,76449.00,0.68,1071.61,Kecimen
60650,324.36,242.23,0.67,62580.00,0.72,941.49,Kecimen
136340,722.85,311.34,0.90,176818.00,0.53,2098.26,Kecimen
65051,381.21,218.22,0.82,66476.00,0.64,1002.04,Kecimen
72219,376.65,249.53,0.75,74373.00,0.78,1050.22,Kecimen
81405,421.09,248.09,0.81,83634.00,0.71,1148.65,Kecimen
70196,373.20,243.88,0.76,71937.00,0.69,1024.26,Kecimen
69120,352.01,250.81,0.70,70274.00,0.70,978.43,Kecimen
56327,297.77,241.93,0.58,58178.00,0.73,915.50,Kecimen
54983,292.90,248.41,0.53,58095.00,0.73,921.61,Kecimen
105020,440.39,306.11,0.72,107423.00,0.71,1228.37,Kecimen
36113,257.64,181.16,0.71,37442.00,0.69,737.64,Kecimen
87429,408.93,273.89,0.74,89063.00,0.70,1120.02,Kecimen
57785,314.43,236.18,0.66,58867.00,0.73,903.77,Kecimen
69846,368.45,243.98,0.75,72585.00,0.68,1040.72,Kecimen
81456,404.32,258.89,0.77,83499.00,0.73,1103.15,Kecimen
61959,339.59,234.70,0.72,64424.00,0.71,970.75,Kecimen
61730,376.19,210.61,0.83,63756.00,0.63,989.50,Kecimen
62835,421.17,191.17,0.89,64406.00,0.79,1018.55,Kecimen
52651,340.82,204.43,0.80,56217.00,0.68,915.94,Kecimen
67093,353.11,243.00,0.73,68383.00,0.76,972.97,Kecimen
45160,270.56,220.12,0.58,46805.00,0.69,833.12,Kecimen
58989,362.67,209.51,0.82,60916.00,0.73,950.72,Kecimen
44007,359.38,161.70,0.89,48490.00,0.64,901.17,Kecimen
65062,344.31,242.68,0.71,65825.00,0.77,948.89,Kecimen
38724,291.00,170.78,0.81,40133.00,0.78,769.69,Kecimen
63514,368.79,221.24,0.80,65057.00,0.66,977.09,Kecimen
46403,306.30,196.62,0.77,48631.00,0.64,843.96,Kecimen
55746,280.31,254.60,0.42,56989.00,0.73,875.66,Kecimen
38153,265.04,184.80,0.72,39564.00,0.68,754.02,Kecimen
66094,323.19,261.01,0.59,67032.00,0.74,944.71,Kecimen
57303,330.02,221.92,0.74,58973.00,0.72,919.04,Kecimen
61289,376.38,208.73,0.83,63997.00,0.64,998.47,Kecimen
55114,317.17,222.75,0.71,56849.00,0.71,909.60,Kecimen
45567,278.50,216.77,0.63,49075.00,0.71,854.72,Kecimen
72215,380.41,244.03,0.77,74175.00,0.72,1048.49,Kecimen
65495,365.32,230.53,0.78,67299.00,0.70,989.58,Kecimen
34977,267.74,170.84,0.77,37747.00,0.67,754.37,Kecimen
76407,373.44,264.47,0.71,79086.00,0.73,1074.70,Kecimen
66998,338.59,257.34,0.65,69844.00,0.76,1006.22,Kecimen
57310,351.40,209.88,0.80,59225.00,0.70,940.41,Kecimen
79106,404.57,252.07,0.78,81999.00,0.73,1100.85,Kecimen
56837,368.37,198.77,0.84,59040.00,0.63,973.60,Kecimen
53497,352.50,194.98,0.83,54875.00,0.69,921.76,Kecimen
58591,356.46,212.12,0.80,60664.00,0.78,970.93,Kecimen
60313,339.60,227.73,0.74,62130.00,0.73,946.49,Kecimen
72483,334.42,282.68,0.53,74945.00,0.71,1052.16,Kecimen
52836,340.40,204.34,0.80,55143.00,0.82,928.27,Kecimen
68119,385.39,230.72,0.80,70719.00,0.66,1026.69,Kecimen
83490,421.88,254.31,0.80,86319.00,0.71,1168.25,Kecimen
74612,430.87,229.29,0.85,79297.00,0.67,1140.40,Kecimen
44081,328.59,173.35,0.85,46287.00,0.64,867.00,Kecimen
39724,271.67,189.48,0.72,41587.00,0.72,781.97,Kecimen
89051,418.56,274.92,0.75,92636.00,0.74,1196.03,Kecimen
57612,352.44,210.06,0.80,58810.00,0.65,934.68,Kecimen
65740,348.88,245.98,0.71,69233.00,0.74,1036.52,Kecimen
69997,362.74,247.09,0.73,71994.00,0.72,1010.81,Kecimen
75540,422.10,237.64,0.83,78465.00,0.71,1114.88,Kecimen
46397,310.72,192.90,0.78,48183.00,0.66,850.78,Kecimen
61967,364.78,218.57,0.80,63724.00,0.69,981.06,Kecimen
87149,444.61,253.21,0.82,91704.00,0.72,1189.48,Kecimen
67798,418.41,207.83,0.87,69356.00,0.69,1073.14,Kecimen
49604,310.61,204.65,0.75,51007.00,0.76,855.39,Kecimen
88407,412.76,275.28,0.75,90865.00,0.72,1141.30,Kecimen
46601,277.35,216.27,0.63,48457.00,0.76,820.11,Kecimen
53121,350.97,195.87,0.83,56120.00,0.73,930.62,Kecimen
80101,377.62,272.67,0.69,82949.00,0.73,1084.31,Kecimen
69781,364.74,248.80,0.73,71504.00,0.69,1024.21,Kecimen
58460,290.75,258.38,0.46,60254.00,0.77,908.36,Kecimen
61792,400.50,197.70,0.87,64962.00,0.70,1026.11,Kecimen
78084,395.21,254.38,0.77,80285.00,0.70,1097.30,Kecimen
63402,372.48,224.01,0.80,66639.00,0.68,1008.28,Kecimen
48809,332.26,190.35,0.82,51847.00,0.66,928.02,Kecimen
49039,285.40,220.82,0.63,50879.00,0.71,841.67,Kecimen
64669,364.58,228.80,0.78,67524.00,0.66,995.69,Kecimen
103377,460.67,287.99,0.78,105569.00,0.73,1230.23,Kecimen
73972,359.27,263.33,0.68,75353.00,0.75,1017.75,Kecimen
47602,296.49,206.23,0.72,49089.00,0.72,840.55,Kecimen
69151,341.65,258.39,0.65,70703.00,0.75,989.92,Kecimen
56518,319.19,230.71,0.69,58879.00,0.72,916.40,Kecimen
86314,390.41,282.21,0.69,87873.00,0.73,1106.03,Kecimen
56477,334.59,219.19,0.76,58408.00,0.69,941.43,Kecimen
32097,264.42,157.99,0.80,33699.00,0.68,713.78,Kecimen
71284,356.26,256.49,0.69,72618.00,0.74,1011.05,Kecimen
87937,365.84,307.91,0.54,89581.00,0.71,1099.57,Kecimen
100835,419.75,306.95,0.68,102881.00,0.75,1202.37,Kecimen
66752,370.50,231.55,0.78,69039.00,0.74,1006.03,Kecimen
65999,326.30,264.41,0.59,67971.00,0.68,998.79,Kecimen
70977,362.06,256.38,0.71,73417.00,0.65,1033.87,Kecimen
38569,272.94,181.86,0.75,39909.00,0.72,757.30,Kecimen
53964,368.07,189.81,0.86,55662.00,0.60,943.60,Kecimen
79100,413.50,246.40,0.80,81839.00,0.66,1113.61,Kecimen
83071,400.47,265.93,0.75,84531.00,0.72,1112.78,Kecimen
31237,262.35,155.03,0.81,32564.00,0.61,718.85,Kecimen
26908,245.76,143.71,0.81,28607.00,0.69,678.82,Kecimen
66797,358.20,240.78,0.74,68732.00,0.70,1006.38,Kecimen
76222,388.81,250.70,0.76,77958.00,0.74,1065.68,Kecimen
46810,297.89,201.53,0.74,48300.00,0.72,836.11,Kecimen
65123,382.36,218.89,0.82,66825.00,0.76,1018.35,Kecimen
65091,392.49,216.83,0.83,69597.00,0.66,1079.75,Kecimen
68400,363.51,249.58,0.73,72981.00,0.73,1079.97,Kecimen
64056,393.62,209.63,0.85,65958.00,0.77,1014.27,Kecimen
49821,319.08,202.24,0.77,51829.00,0.68,907.42,Kecimen
80353,394.34,264.58,0.74,83419.00,0.67,1120.78,Kecimen
51539,330.75,200.96,0.79,53060.00,0.73,894.04,Kecimen
63827,393.25,209.15,0.85,66445.00,0.67,1047.04,Kecimen
89345,435.55,262.06,0.80,91337.00,0.71,1176.66,Kecimen
31275,264.69,156.40,0.81,33540.00,0.66,727.56,Kecimen
75431,433.67,223.00,0.86,78125.00,0.72,1103.24,Kecimen
72718,397.90,235.56,0.81,74803.00,0.75,1073.92,Kecimen
82886,424.82,253.17,0.80,85879.00,0.65,1163.53,Kecimen
67852,353.12,247.34,0.71,69587.00,0.73,983.39,Kecimen
49336,338.48,193.01,0.82,52619.00,0.66,909.68,Kecimen
39368,296.66,171.21,0.82,41361.00,0.62,798.55,Kecimen
51304,350.04,189.77,0.84,52949.00,0.66,897.11,Kecimen
91764,433.77,270.29,0.78,93480.00,0.69,1165.08,Kecimen
79252,398.84,254.17,0.77,80799.00,0.71,1074.11,Kecimen
50530,328.92,198.28,0.80,52600.00,0.68,897.80,Kecimen
66063,354.10,238.51,0.74,67503.00,0.76,971.94,Kecimen
73311,391.87,239.60,0.79,74825.00,0.69,1046.52,Kecimen
82793,428.12,249.39,0.81,84950.00,0.74,1130.67,Kecimen
104921,452.86,297.02,0.75,108211.00,0.73,1254.86,Kecimen
59654,350.90,219.49,0.78,62384.00,0.71,979.73,Kecimen
76531,407.67,241.40,0.81,78857.00,0.73,1068.38,Kecimen
57438,344.98,215.43,0.78,58924.00,0.69,935.82,Kecimen
55129,336.02,210.43,0.78,56855.00,0.75,910.84,Kecimen
37302,284.33,170.53,0.80,39280.00,0.72,761.13,Kecimen
58357,338.32,220.46,0.76,59383.00,0.74,915.38,Kecimen
33615,254.47,171.00,0.74,35376.00,0.79,719.94,Kecimen
47555,330.90,186.25,0.83,50165.00,0.68,873.84,Kecimen
71762,387.67,236.87,0.79,73593.00,0.70,1038.74,Kecimen
84677,401.67,269.67,0.74,86777.00,0.75,1119.00,Kecimen
86421,367.17,300.79,0.57,87929.00,0.75,1080.01,Kecimen
90191,431.37,272.75,0.77,93719.00,0.63,1179.37,Kecimen
34638,251.74,178.34,0.71,35824.00,0.75,713.94,Kecimen
39275,274.07,185.41,0.74,40747.00,0.71,772.50,Kecimen
41458,281.82,192.67,0.73,42792.00,0.68,782.36,Kecimen
85954,405.92,272.08,0.74,87690.00,0.71,1104.72,Kecimen
56589,343.93,213.13,0.78,58274.00,0.66,931.45,Kecimen
39622,280.11,185.19,0.75,40539.00,0.73,766.53,Kecimen
48093,329.94,187.04,0.82,49367.00,0.75,858.39,Kecimen
67404,349.01,247.69,0.70,69607.00,0.75,997.28,Kecimen
57838,350.29,214.80,0.79,59449.00,0.67,939.15,Kecimen
58570,355.40,214.57,0.80,60494.00,0.66,962.71,Kecimen
60199,375.28,205.41,0.84,61711.00,0.74,971.19,Kecimen
74254,402.53,241.28,0.80,76702.00,0.73,1080.03,Kecimen
63718,407.57,200.26,0.87,65950.00,0.72,1023.06,Kecimen
28216,245.40,150.25,0.79,30316.00,0.62,683.00,Kecimen
79055,395.37,258.28,0.76,82562.00,0.72,1114.49,Kecimen
86141,414.11,266.91,0.76,87883.00,0.72,1146.16,Kecimen
82873,449.41,239.61,0.85,85648.00,0.70,1148.36,Kecimen
98485,387.76,325.74,0.54,100682.00,0.73,1193.91,Kecimen
53633,313.48,218.67,0.72,55147.00,0.73,882.67,Kecimen
63191,335.24,243.97,0.69,64898.00,0.70,977.10,Kecimen
58545,325.19,231.96,0.70,60738.00,0.70,966.76,Kecimen
68931,381.67,231.53,0.79,71336.00,0.68,1067.69,Kecimen
67874,360.02,243.27,0.74,69889.00,0.68,1035.28,Kecimen
61200,323.17,246.29,0.65,64553.00,0.71,997.26,Kecimen
87089,396.49,280.25,0.71,88754.00,0.74,1154.56,Kecimen
59589,383.57,201.38,0.85,62974.00,0.68,1043.19,Kecimen
50312,354.24,182.31,0.86,52070.00,0.62,961.44,Kecimen
41995,259.21,210.35,0.58,43443.00,0.73,801.53,Kecimen
137583,649.54,273.26,0.91,142650.00,0.73,1590.35,Besni
117592,533.29,288.56,0.84,123587.00,0.73,1432.01,Besni
95546,487.18,251.96,0.86,99166.00,0.72,1276.81,Besni
96582,446.71,278.33,0.78,100113.00,0.71,1216.98,Besni
61409,403.70,209.37,0.86,67286.00,0.60,1083.48,Besni
154242,585.93,337.60,0.82,158371.00,0.72,1530.32,Besni
134303,600.77,288.38,0.88,138133.00,0.74,1497.52,Besni
112378,528.40,272.78,0.86,115602.00,0.61,1366.74,Besni
124579,439.96,371.03,0.54,128307.00,0.70,1373.54,Besni
83107,507.38,233.15,0.89,93706.00,0.49,1367.33,Besni
107178,508.75,270.46,0.85,110611.00,0.63,1325.95,Besni
64391,449.56,187.12,0.91,68813.00,0.63,1177.71,Besni
126781,659.44,249.54,0.93,132802.00,0.74,1552.54,Besni
45051,323.59,180.07,0.83,46532.00,0.83,836.63,Besni
119026,612.74,250.93,0.91,123463.00,0.62,1486.77,Besni
67579,402.31,217.06,0.84,70809.00,0.70,1051.55,Besni
97019,559.60,228.64,0.91,101539.00,0.57,1383.65,Besni
184784,740.11,320.59,0.90,192699.00,0.65,1791.57,Besni
168276,656.10,328.49,0.87,174282.00,0.68,1685.28,Besni
195383,755.01,335.79,0.90,204472.00,0.73,1893.41,Besni
65253,419.00,205.76,0.87,69700.00,0.67,1075.40,Besni
120255,471.81,326.55,0.72,123486.00,0.72,1322.81,Besni
108161,485.10,286.03,0.81,111765.00,0.71,1305.14,Besni
157877,613.87,328.31,0.84,161901.00,0.64,1604.10,Besni
83800,440.83,245.38,0.83,86346.00,0.66,1170.09,Besni
177264,619.96,366.76,0.81,180994.00,0.68,1652.69,Besni
127245,530.30,309.12,0.81,130649.00,0.68,1424.00,Besni
108314,455.61,311.17,0.73,112497.00,0.69,1306.58,Besni
128947,572.80,289.02,0.86,132108.00,0.60,1446.92,Besni
189637,636.75,403.72,0.77,209580.00,0.61,1870.28,Besni
137508,604.11,292.10,0.88,141818.00,0.60,1529.79,Besni
75173,365.80,267.58,0.68,78359.00,0.68,1087.03,Besni
115859,488.49,305.09,0.78,120546.00,0.74,1351.42,Besni
92188,374.72,324.30,0.50,95920.00,0.75,1190.81,Besni
153824,536.61,369.29,0.73,159063.00,0.74,1582.15,Besni
85492,437.01,250.89,0.82,89018.00,0.72,1182.58,Besni
106312,464.33,295.32,0.77,111089.00,0.73,1306.46,Besni
210923,984.05,367.28,0.93,278217.00,0.51,2697.75,Besni
89138,507.14,226.22,0.90,93549.00,0.74,1262.58,Besni
83567,465.10,230.90,0.87,86859.00,0.61,1199.02,Besni
171256,531.37,412.38,0.63,174277.00,0.70,1559.21,Besni
77105,419.95,238.84,0.82,80497.00,0.67,1131.54,Besni
100443,457.57,283.61,0.78,104186.00,0.67,1269.07,Besni
72606,424.47,223.23,0.85,76975.00,0.68,1117.11,Besni
83555,457.55,235.10,0.86,86694.00,0.71,1159.78,Besni
146268,588.01,321.61,0.84,150416.00,0.70,1535.29,Besni
113608,559.27,264.03,0.88,118098.00,0.63,1394.09,Besni
75058,424.76,228.85,0.84,78952.00,0.69,1130.40,Besni
116406,612.67,251.83,0.91,125638.00,0.53,1480.95,Besni
100319,480.78,267.67,0.83,104255.00,0.64,1289.21,Besni
143386,469.28,397.31,0.53,146328.00,0.75,1422.01,Besni
164782,660.36,322.62,0.87,169000.00,0.76,1654.99,Besni
71639,400.41,231.62,0.82,76252.00,0.64,1101.88,Besni
141220,575.68,316.62,0.84,144300.00,0.66,1507.94,Besni
88290,514.44,221.44,0.90,92317.00,0.56,1277.39,Besni
102569,515.40,259.19,0.86,106888.00,0.57,1331.80,Besni
182160,997.29,271.87,0.96,221527.00,0.38,2303.69,Besni
208264,675.10,395.58,0.81,212813.00,0.77,1755.17,Besni
133101,641.51,265.31,0.91,136793.00,0.58,1544.71,Besni
169009,719.51,301.57,0.91,174718.00,0.72,1781.38,Besni
81901,450.83,237.21,0.85,85000.00,0.58,1192.01,Besni
80678,457.93,229.70,0.87,85201.00,0.61,1226.24,Besni
101661,440.98,295.53,0.74,105429.00,0.71,1268.05,Besni
82207,451.01,235.16,0.85,84780.00,0.63,1182.27,Besni
166275,602.31,356.24,0.81,168292.00,0.72,1580.96,Besni
188651,621.01,390.31,0.78,192922.00,0.75,1698.39,Besni
202118,684.60,379.72,0.83,209242.00,0.72,1827.90,Besni
97375,468.90,268.27,0.82,100169.00,0.69,1244.25,Besni
64303,442.75,187.03,0.91,67199.00,0.69,1081.68,Besni
86715,440.47,254.34,0.82,89920.00,0.74,1173.26,Besni
155702,655.40,304.61,0.89,160709.00,0.70,1626.91,Besni
84295,458.84,238.29,0.85,88521.00,0.71,1202.58,Besni
177206,699.62,328.11,0.88,181412.00,0.74,1754.38,Besni
110897,518.79,275.26,0.85,115550.00,0.73,1365.58,Besni
56903,360.82,204.04,0.82,59797.00,0.72,980.39,Besni
113029,558.52,265.28,0.88,116783.00,0.66,1419.58,Besni
69579,398.60,224.58,0.83,71648.00,0.72,1071.64,Besni
163442,594.76,351.43,0.81,167471.00,0.70,1621.96,Besni
114289,580.60,261.76,0.89,120657.00,0.65,1455.89,Besni
74652,424.98,231.60,0.84,79014.00,0.59,1157.11,Besni
90559,473.58,246.92,0.85,95477.00,0.67,1328.74,Besni
104352,562.34,239.40,0.90,107968.00,0.67,1390.73,Besni
82161,441.80,246.81,0.83,86909.00,0.63,1222.16,Besni
131816,532.73,322.68,0.80,138992.00,0.72,1488.84,Besni
163082,696.15,302.22,0.90,167442.00,0.76,1687.18,Besni
77012,425.22,239.47,0.83,81325.00,0.65,1131.53,Besni
81604,528.59,204.74,0.92,87172.00,0.49,1299.39,Besni
82853,430.11,251.18,0.81,85292.00,0.75,1139.84,Besni
145693,591.18,321.43,0.84,151644.00,0.65,1595.36,Besni
96443,541.20,232.55,0.90,101271.00,0.55,1352.48,Besni
168620,730.76,295.50,0.91,172003.00,0.80,1725.00,Besni
193032,661.15,376.43,0.82,197672.00,0.63,1744.27,Besni
140897,588.07,308.03,0.85,146231.00,0.73,1536.47,Besni
118988,483.34,315.25,0.76,122375.00,0.78,1356.40,Besni
103666,456.38,293.92,0.77,107992.00,0.65,1332.20,Besni
68231,394.65,228.16,0.82,71591.00,0.66,1099.23,Besni
88928,395.72,300.23,0.65,93821.00,0.67,1239.54,Besni
117077,496.13,314.55,0.77,123305.00,0.71,1419.16,Besni
123056,618.14,256.95,0.91,128101.00,0.64,1522.03,Besni
94455,496.90,245.24,0.87,97496.00,0.72,1256.32,Besni
89311,429.28,270.86,0.78,94720.00,0.68,1234.55,Besni
68982,400.74,223.91,0.83,73278.00,0.73,1105.79,Besni
204864,596.64,440.50,0.67,209457.00,0.75,1726.25,Besni
83693,437.73,245.42,0.83,87230.00,0.70,1177.86,Besni
75529,418.52,233.99,0.83,79168.00,0.66,1143.29,Besni
121034,518.72,305.74,0.81,125665.00,0.71,1418.30,Besni
105192,440.56,305.79,0.72,107313.00,0.74,1244.05,Besni
77402,469.46,215.08,0.89,80680.00,0.62,1162.00,Besni
87857,380.78,300.91,0.61,90968.00,0.73,1144.34,Besni
139399,522.47,348.28,0.75,144034.00,0.69,1471.51,Besni
178334,626.06,366.24,0.81,181715.00,0.79,1630.70,Besni
144084,555.92,332.12,0.80,149076.00,0.73,1506.26,Besni
84975,511.87,215.45,0.91,88730.00,0.63,1246.36,Besni
118043,493.77,308.00,0.78,122903.00,0.68,1394.10,Besni
102769,515.61,261.14,0.86,109161.00,0.65,1378.31,Besni
136960,559.30,313.31,0.83,139458.00,0.72,1458.55,Besni
113206,548.97,264.26,0.88,116787.00,0.73,1388.48,Besni
155057,610.68,325.51,0.85,159681.00,0.76,1564.69,Besni
116715,571.05,278.84,0.87,127342.00,0.60,1488.32,Besni
91146,498.39,241.90,0.87,97149.00,0.67,1293.56,Besni
101223,496.53,276.87,0.83,109593.00,0.71,1345.43,Besni
79492,422.57,243.12,0.82,82708.00,0.64,1122.83,Besni
93234,452.93,268.76,0.80,97428.00,0.72,1222.89,Besni
167279,690.07,312.00,0.89,171794.00,0.58,1680.12,Besni
193558,769.43,321.69,0.91,197851.00,0.61,1865.30,Besni
146175,592.91,319.02,0.84,149156.00,0.63,1529.07,Besni
108076,516.07,270.74,0.85,112975.00,0.70,1378.77,Besni
131811,573.54,295.42,0.86,135814.00,0.71,1457.02,Besni
129038,540.81,306.82,0.82,134796.00,0.65,1459.35,Besni
130868,613.17,273.18,0.90,134139.00,0.54,1513.35,Besni
206720,713.47,373.64,0.85,210114.00,0.78,1866.09,Besni
205497,632.73,414.19,0.76,209486.00,0.77,1736.84,Besni
146420,598.07,314.39,0.85,149403.00,0.75,1531.96,Besni
126014,523.19,309.12,0.81,130059.00,0.74,1396.91,Besni
101103,484.17,269.15,0.83,105500.00,0.67,1307.68,Besni
61444,371.69,213.18,0.82,64321.00,0.74,1006.98,Besni
160605,630.62,330.77,0.85,167411.00,0.72,1679.56,Besni
100649,433.37,300.46,0.72,103883.00,0.72,1257.03,Besni
112808,542.50,267.20,0.87,116961.00,0.74,1390.40,Besni
105951,521.11,267.73,0.86,111368.00,0.73,1377.25,Besni
177916,581.71,394.52,0.73,181352.00,0.74,1647.51,Besni
109254,483.16,289.83,0.80,111624.00,0.74,1293.23,Besni
128574,601.80,276.25,0.89,135975.00,0.67,1508.93,Besni
124166,525.95,304.16,0.82,126960.00,0.73,1388.68,Besni
133784,581.29,300.64,0.86,139806.00,0.68,1502.66,Besni
80481,481.06,217.56,0.89,85153.00,0.71,1219.11,Besni
63491,326.63,248.32,0.65,64892.00,0.73,950.30,Besni
109791,477.03,294.53,0.79,112766.00,0.74,1290.24,Besni
89236,389.68,295.33,0.65,92014.00,0.70,1144.04,Besni
152267,598.97,331.25,0.83,157353.00,0.59,1570.50,Besni
89721,530.16,223.50,0.91,95252.00,0.55,1295.38,Besni
129493,497.79,339.53,0.73,136555.00,0.65,1447.68,Besni
74966,465.36,209.28,0.89,78159.00,0.71,1157.09,Besni
136180,551.45,316.47,0.82,139701.00,0.73,1461.03,Besni
102013,453.89,292.13,0.77,106036.00,0.64,1266.26,Besni
169078,644.93,336.57,0.85,173362.00,0.68,1629.63,Besni
78304,390.97,262.77,0.74,82394.00,0.62,1137.71,Besni
54321,395.01,182.32,0.89,58632.00,0.63,1021.99,Besni
101439,524.82,251.16,0.88,107520.00,0.73,1393.21,Besni
118787,562.28,273.33,0.87,125083.00,0.64,1459.58,Besni
85517,410.62,269.82,0.75,88349.00,0.70,1127.89,Besni
72653,403.19,231.06,0.82,74718.00,0.66,1062.07,Besni
126515,595.34,277.91,0.88,134574.00,0.71,1461.11,Besni
117714,480.63,314.03,0.76,120922.00,0.72,1361.88,Besni
62451,337.29,237.71,0.71,64499.00,0.70,963.01,Besni
107895,462.05,300.56,0.76,110755.00,0.76,1277.79,Besni
199015,615.42,413.93,0.74,201464.00,0.77,1687.87,Besni
130388,511.90,326.31,0.77,132727.00,0.72,1393.97,Besni
106440,501.04,273.19,0.84,108790.00,0.75,1302.47,Besni
109878,541.95,260.08,0.88,112825.00,0.69,1369.20,Besni
78984,427.49,236.88,0.83,82328.00,0.70,1169.48,Besni
135899,625.35,286.90,0.89,144444.00,0.63,1594.21,Besni
193818,678.56,367.90,0.84,201241.00,0.79,1766.87,Besni
137788,654.47,272.30,0.91,141442.00,0.71,1562.27,Besni
71800,431.01,218.72,0.86,77521.00,0.65,1187.72,Besni
96210,482.51,262.67,0.84,102157.00,0.69,1270.56,Besni
103057,548.41,241.12,0.90,107983.00,0.72,1391.21,Besni
104602,478.22,279.36,0.81,106906.00,0.78,1263.01,Besni
105467,465.57,290.20,0.78,109052.00,0.73,1302.36,Besni
83059,440.56,243.64,0.83,88806.00,0.69,1238.16,Besni
99378,466.40,275.58,0.81,102653.00,0.69,1260.34,Besni
90585,489.65,239.35,0.87,95774.00,0.67,1270.27,Besni
83065,445.00,241.33,0.84,87785.00,0.72,1182.56,Besni
54357,362.59,192.95,0.85,56006.00,0.70,945.83,Besni
169645,731.56,299.41,0.91,174278.00,0.76,1753.02,Besni
70461,376.17,243.95,0.76,72819.00,0.73,1046.69,Besni
105347,476.80,282.03,0.81,108072.00,0.77,1266.88,Besni
160583,630.65,326.24,0.86,165385.00,0.75,1646.56,Besni
101772,477.91,273.40,0.82,104567.00,0.68,1266.66,Besni
61123,329.33,257.27,0.62,70556.00,0.72,1128.08,Besni
90375,480.63,241.02,0.87,93826.00,0.64,1251.68,Besni
131847,560.42,302.64,0.84,134950.00,0.74,1446.15,Besni
81998,423.63,251.24,0.81,83932.00,0.73,1130.43,Besni
105924,497.70,274.58,0.83,109179.00,0.72,1295.27,Besni
121757,486.52,323.35,0.75,125067.00,0.76,1357.89,Besni
116198,494.26,301.68,0.79,118786.00,0.72,1328.07,Besni
86846,459.40,242.62,0.85,89047.00,0.73,1173.31,Besni
77799,419.34,238.34,0.82,80688.00,0.65,1114.45,Besni
75242,391.68,248.09,0.77,77890.00,0.67,1077.42,Besni
113164,486.77,297.11,0.79,116531.00,0.74,1313.09,Besni
194864,657.87,378.06,0.82,197430.00,0.79,1700.94,Besni
103313,503.45,266.45,0.85,108615.00,0.67,1343.02,Besni
98464,488.22,261.72,0.84,101977.00,0.68,1259.07,Besni
97377,503.99,252.50,0.87,101317.00,0.71,1281.25,Besni
169880,648.90,339.13,0.85,177170.00,0.71,1660.68,Besni
69746,370.56,241.91,0.76,72724.00,0.71,1027.51,Besni
172334,595.82,375.02,0.78,174610.00,0.64,1591.89,Besni
192815,731.44,337.10,0.89,196576.00,0.73,1803.69,Besni
92121,432.06,275.69,0.77,95197.00,0.72,1193.84,Besni
82462,434.57,244.46,0.83,85611.00,0.65,1174.20,Besni
53325,351.20,197.21,0.83,56030.00,0.71,934.49,Besni
151703,595.11,330.34,0.83,156402.00,0.67,1608.60,Besni
40702,274.17,191.38,0.72,41924.00,0.72,771.80,Besni
81480,434.10,242.70,0.83,84581.00,0.67,1162.37,Besni
104669,546.67,248.53,0.89,110984.00,0.69,1398.55,Besni
85390,403.73,272.97,0.74,88615.00,0.71,1156.72,Besni
178692,594.72,384.04,0.76,181288.00,0.75,1622.03,Besni
104385,488.90,277.68,0.82,108197.00,0.77,1315.84,Besni
206689,746.15,355.30,0.88,212569.00,0.75,1876.03,Besni
98166,420.70,299.58,0.70,100659.00,0.71,1245.03,Besni
156769,662.97,307.87,0.89,161782.00,0.74,1646.53,Besni
182823,700.01,337.71,0.88,190749.00,0.70,1789.25,Besni
96139,498.39,250.11,0.86,100204.00,0.68,1298.14,Besni
99177,494.06,260.97,0.85,104468.00,0.61,1317.69,Besni
76114,435.39,224.73,0.86,77824.00,0.68,1100.93,Besni
111056,514.71,277.88,0.84,114995.00,0.67,1370.91,Besni
51350,342.66,204.01,0.80,54576.00,0.65,930.05,Besni
144973,614.81,304.33,0.87,150534.00,0.73,1539.43,Besni
182788,621.21,379.42,0.79,188848.00,0.73,1679.08,Besni
128442,585.98,281.60,0.88,133704.00,0.75,1499.36,Besni
76364,381.80,258.59,0.74,78977.00,0.75,1075.80,Besni
158808,658.96,308.53,0.88,162376.00,0.73,1624.34,Besni
106923,591.12,234.82,0.92,111428.00,0.52,1425.11,Besni
60640,369.27,218.53,0.81,66145.00,0.71,1036.53,Besni
88257,452.92,254.48,0.83,92886.00,0.74,1209.62,Besni
102868,430.03,312.97,0.69,106439.00,0.72,1251.80,Besni
61539,364.26,220.36,0.80,65462.00,0.72,1056.49,Besni
129292,614.55,270.09,0.90,133475.00,0.69,1531.74,Besni
57999,311.02,243.48,0.62,61519.00,0.66,968.70,Besni
88315,456.74,248.15,0.84,92046.00,0.64,1205.86,Besni
88250,478.48,238.32,0.87,92397.00,0.61,1217.13,Besni
141137,600.13,305.77,0.86,145158.00,0.59,1495.98,Besni
123980,531.87,332.58,0.78,138078.00,0.67,1539.94,Besni
49371,320.64,200.25,0.78,52692.00,0.68,921.06,Besni
172783,820.72,352.19,0.90,219952.00,0.50,2289.89,Besni
86852,456.48,248.61,0.84,90550.00,0.61,1207.53,Besni
91464,433.22,273.26,0.78,93852.00,0.72,1182.21,Besni
93441,396.79,300.81,0.65,95370.00,0.72,1157.77,Besni
94211,450.00,269.29,0.80,96340.00,0.72,1194.63,Besni
124630,585.09,275.49,0.88,128308.00,0.68,1485.99,Besni
116361,554.49,277.07,0.87,125132.00,0.75,1434.39,Besni
152992,572.71,341.25,0.80,155411.00,0.78,1500.25,Besni
147843,651.00,299.74,0.89,155494.00,0.72,1633.72,Besni
135036,582.69,301.57,0.86,139124.00,0.63,1509.37,Besni
128107,616.99,267.98,0.90,133001.00,0.62,1513.47,Besni
79975,439.31,240.49,0.84,83384.00,0.69,1162.61,Besni
60674,345.32,225.22,0.76,62614.00,0.74,987.62,Besni
96404,470.10,264.24,0.83,99678.00,0.75,1265.03,Besni
222915,731.56,389.95,0.85,227170.00,0.77,1876.31,Besni
108379,482.57,289.39,0.80,111707.00,0.70,1316.87,Besni
62562,407.94,198.71,0.87,64694.00,0.63,1030.76,Besni
204226,648.20,402.28,0.78,207198.00,0.77,1724.66,Besni
77985,473.34,214.09,0.89,82967.00,0.67,1214.98,Besni
104728,495.67,272.69,0.84,109157.00,0.73,1316.40,Besni
85449,471.12,238.33,0.86,89794.00,0.58,1246.20,Besni
97558,477.11,261.92,0.84,100259.00,0.78,1229.81,Besni
97049,548.22,231.66,0.91,102899.00,0.62,1399.67,Besni
58870,355.14,212.03,0.80,60490.00,0.73,940.36,Besni
83889,450.99,241.33,0.84,88842.00,0.73,1183.98,Besni
110527,514.59,275.58,0.84,114538.00,0.69,1360.82,Besni
66793,362.23,236.40,0.76,69506.00,0.68,1024.17,Besni
91665,485.45,243.08,0.87,95741.00,0.70,1244.56,Besni
126149,478.88,345.92,0.69,134778.00,0.62,1549.19,Besni
101618,443.49,293.38,0.75,104508.00,0.75,1238.63,Besni
96442,450.41,276.92,0.79,100712.00,0.70,1239.31,Besni
79397,434.99,235.52,0.84,83074.00,0.70,1148.63,Besni
86658,439.23,258.30,0.81,89048.00,0.70,1184.58,Besni
113046,548.94,265.31,0.88,116819.00,0.68,1385.65,Besni
53373,330.68,215.70,0.76,56639.00,0.65,936.82,Besni
80274,404.30,256.06,0.77,84523.00,0.66,1153.62,Besni
89431,464.83,247.35,0.85,92412.00,0.62,1198.85,Besni
84383,403.91,271.25,0.74,87629.00,0.67,1140.61,Besni
98260,520.10,245.21,0.88,103918.00,0.58,1345.69,Besni
104656,489.45,273.45,0.83,106961.00,0.74,1273.13,Besni
100186,462.51,277.70,0.80,101921.00,0.68,1217.83,Besni
122617,503.69,322.62,0.77,131499.00,0.64,1429.35,Besni
117301,507.24,296.83,0.81,122361.00,0.62,1407.40,Besni
48007,302.61,209.12,0.72,50679.00,0.68,889.74,Besni
165681,615.21,346.70,0.83,170954.00,0.74,1635.79,Besni
83929,429.09,252.04,0.81,87269.00,0.70,1176.23,Besni
109701,546.64,256.61,0.88,113425.00,0.58,1405.87,Besni
117098,637.77,237.47,0.93,120417.00,0.65,1484.33,Besni
107082,536.85,258.72,0.88,112201.00,0.73,1354.72,Besni
102944,477.17,277.22,0.81,108053.00,0.72,1339.10,Besni
53077,327.29,212.23,0.76,55532.00,0.65,934.71,Besni
78161,453.20,222.61,0.87,81689.00,0.73,1161.29,Besni
122433,585.29,270.71,0.89,128445.00,0.58,1526.71,Besni
142069,662.71,275.44,0.91,148697.00,0.73,1622.58,Besni
82585,436.18,264.87,0.79,93928.00,0.59,1320.46,Besni
96753,477.50,261.94,0.84,99964.00,0.69,1258.68,Besni
106393,472.31,287.59,0.79,109501.00,0.68,1281.38,Besni
182122,620.49,376.49,0.79,187560.00,0.72,1695.23,Besni
49691,336.68,189.26,0.83,52077.00,0.72,919.42,Besni
79057,436.39,236.90,0.84,82642.00,0.65,1148.15,Besni
110785,560.01,259.40,0.89,116070.00,0.56,1456.76,Besni
171749,671.25,328.91,0.87,175679.00,0.74,1689.59,Besni
149841,547.46,354.58,0.76,155682.00,0.71,1544.34,Besni
97513,486.90,257.27,0.85,100196.00,0.69,1272.88,Besni
97254,422.04,305.88,0.69,100815.00,0.63,1254.47,Besni
132116,519.68,325.33,0.78,133811.00,0.75,1393.34,Besni
132730,535.98,324.96,0.80,139810.00,0.69,1475.66,Besni
68576,377.14,235.13,0.78,71551.00,0.72,1087.11,Besni
109011,504.40,277.03,0.84,111306.00,0.62,1297.15,Besni
109438,502.73,280.34,0.83,113476.00,0.64,1323.56,Besni
76551,394.44,255.25,0.76,81613.00,0.63,1130.41,Besni
121080,573.40,270.63,0.88,124432.00,0.72,1418.39,Besni
86202,437.77,253.91,0.81,90825.00,0.71,1199.81,Besni
134913,639.60,273.09,0.90,139500.00,0.74,1535.25,Besni
175247,713.02,316.40,0.90,179961.00,0.59,1739.28,Besni
195281,609.83,408.54,0.74,197426.00,0.77,1639.10,Besni
131496,506.12,334.33,0.75,134210.00,0.71,1412.02,Besni
175946,604.53,372.85,0.79,180289.00,0.78,1622.81,Besni
66265,424.56,203.38,0.88,70487.00,0.63,1126.77,Besni
106938,498.43,274.59,0.83,110118.00,0.77,1285.85,Besni
76624,473.97,207.74,0.90,80356.00,0.66,1205.82,Besni
88747,425.01,268.67,0.77,92317.00,0.76,1184.16,Besni
165940,624.84,340.70,0.84,170781.00,0.78,1641.14,Besni
181926,579.92,400.80,0.72,185474.00,0.72,1628.16,Besni
148073,599.36,327.08,0.84,152985.00,0.69,1557.61,Besni
103915,516.49,260.11,0.86,106499.00,0.69,1285.06,Besni
71141,417.14,219.19,0.85,73629.00,0.73,1085.22,Besni
169494,614.99,352.28,0.82,172094.00,0.74,1607.53,Besni
47253,360.02,172.51,0.88,51538.00,0.71,940.54,Besni
102960,522.38,252.37,0.88,105956.00,0.74,1311.16,Besni
81570,450.48,233.61,0.86,84540.00,0.73,1162.26,Besni
62526,357.21,228.86,0.77,65994.00,0.71,1006.60,Besni
141613,588.37,311.30,0.85,149492.00,0.72,1521.81,Besni
105961,497.70,275.97,0.83,109992.00,0.70,1347.99,Besni
125282,536.50,299.44,0.83,129758.00,0.74,1404.30,Besni
87252,433.48,261.07,0.80,90160.00,0.74,1166.52,Besni
108771,472.21,294.45,0.78,111241.00,0.77,1267.65,Besni
138202,556.98,318.25,0.82,143228.00,0.70,1576.34,Besni
92024,453.72,260.49,0.82,94643.00,0.75,1204.62,Besni
76708,458.04,216.34,0.88,78694.00,0.66,1135.68,Besni
105053,490.41,277.08,0.83,107939.00,0.67,1297.28,Besni
72924,434.22,220.49,0.86,77356.00,0.62,1183.24,Besni
89169,408.19,281.40,0.72,93087.00,0.71,1187.09,Besni
93042,470.57,254.26,0.84,95156.00,0.63,1216.10,Besni
71054,364.75,249.72,0.73,72956.00,0.73,1027.21,Besni
90675,426.24,275.29,0.76,92030.00,0.74,1163.02,Besni
137921,598.76,297.20,0.87,142159.00,0.75,1510.85,Besni
164440,580.78,362.35,0.78,167563.00,0.77,1554.37,Besni
71502,490.43,189.44,0.92,75157.00,0.50,1182.85,Besni
144250,606.35,305.33,0.86,148528.00,0.80,1547.08,Besni
223075,694.25,411.81,0.81,225916.00,0.76,1812.57,Besni
56244,398.80,182.84,0.89,58530.00,0.66,1008.13,Besni
142239,614.83,297.74,0.87,148078.00,0.64,1553.11,Besni
78632,407.94,245.82,0.80,79715.00,0.69,1068.73,Besni
93430,467.64,258.95,0.83,98337.00,0.71,1258.97,Besni
97583,522.79,241.94,0.89,101231.00,0.73,1298.73,Besni
123654,542.42,293.47,0.84,126325.00,0.66,1400.52,Besni
85894,477.17,231.04,0.87,89369.00,0.73,1202.49,Besni
235047,772.96,388.20,0.86,239093.00,0.71,1942.05,Besni
152611,663.13,297.42,0.89,158488.00,0.61,1755.97,Besni
83932,499.24,224.47,0.89,88572.00,0.67,1258.06,Besni
117354,520.33,289.66,0.83,121057.00,0.71,1374.17,Besni
66315,363.58,234.45,0.76,68906.00,0.69,1015.02,Besni
87663,405.68,277.45,0.73,89710.00,0.74,1126.52,Besni
95364,481.56,253.85,0.85,97623.00,0.74,1225.35,Besni
78787,450.26,228.91,0.86,80567.00,0.68,1142.63,Besni
160451,593.75,346.76,0.81,163523.00,0.79,1548.61,Besni
121077,521.19,302.11,0.81,125856.00,0.73,1403.04,Besni
62280,388.58,205.51,0.85,63596.00,0.79,977.91,Besni
106897,481.79,288.66,0.80,109314.00,0.72,1284.69,Besni
111568,491.11,293.91,0.80,114128.00,0.73,1303.22,Besni
61556,340.78,231.44,0.73,63181.00,0.73,956.30,Besni
47609,331.89,184.21,0.83,49720.00,0.75,874.09,Besni
61861,345.94,235.43,0.73,67390.00,0.70,1063.62,Besni
84855,420.35,275.88,0.75,90768.00,0.67,1172.64,Besni
127292,639.85,258.38,0.91,129101.00,0.53,1496.06,Besni
125968,522.54,308.05,0.81,129444.00,0.74,1414.08,Besni
48488,275.34,226.80,0.57,50103.00,0.67,859.33,Besni
84774,416.28,264.10,0.77,90393.00,0.70,1209.58,Besni
78921,376.99,268.83,0.70,82584.00,0.72,1144.96,Besni
145235,609.63,306.61,0.86,148876.00,0.68,1538.32,Besni
87039,497.06,236.21,0.88,96247.00,0.64,1271.34,Besni
181126,949.66,293.39,0.95,225592.00,0.41,2352.03,Besni
142419,580.44,318.18,0.84,145899.00,0.75,1512.66,Besni
92619,398.62,296.88,0.67,95666.00,0.74,1173.39,Besni
68510,348.40,252.99,0.69,70513.00,0.67,1028.84,Besni
48551,302.81,205.96,0.73,50748.00,0.74,862.00,Besni
92472,424.42,282.21,0.75,95982.00,0.75,1204.61,Besni
100928,465.18,287.02,0.79,105549.00,0.69,1310.51,Besni
96920,447.60,277.44,0.78,100285.00,0.69,1229.91,Besni
96762,457.48,277.39,0.80,101717.00,0.79,1248.75,Besni
151908,594.18,328.57,0.83,155600.00,0.72,1560.02,Besni
75368,387.85,250.58,0.76,77706.00,0.74,1078.41,Besni
168269,614.38,353.47,0.82,173527.00,0.76,1641.46,Besni
99333,422.88,302.21,0.70,101942.00,0.72,1191.35,Besni
102722,416.90,317.54,0.65,107169.00,0.72,1261.99,Besni
104468,542.18,250.06,0.89,108119.00,0.65,1360.50,Besni
73699,408.59,231.14,0.82,76106.00,0.70,1079.58,Besni
71918,448.53,207.75,0.89,75002.00,0.70,1091.50,Besni
127933,560.72,294.66,0.85,130766.00,0.67,1426.60,Besni
73294,445.25,217.62,0.87,76157.00,0.65,1147.60,Besni
189069,679.49,357.05,0.85,195810.00,0.61,1831.91,Besni
159064,570.22,368.22,0.76,165584.00,0.78,1563.83,Besni
120818,492.61,315.20,0.77,123230.00,0.67,1311.52,Besni
59890,402.42,194.67,0.88,61673.00,0.72,1034.14,Besni
137593,558.06,316.71,0.82,142114.00,0.68,1478.60,Besni
166654,608.00,349.66,0.82,169060.00,0.75,1574.16,Besni
55858,298.86,239.90,0.60,58630.00,0.68,915.13,Besni
105308,473.31,284.17,0.80,108094.00,0.79,1259.93,Besni
67468,424.56,207.82,0.87,70674.00,0.61,1105.04,Besni
132680,549.87,308.39,0.83,136612.00,0.65,1453.90,Besni
154197,582.61,343.26,0.81,160008.00,0.76,1555.82,Besni
225043,740.00,390.30,0.85,229195.00,0.74,1853.89,Besni
66613,433.19,199.81,0.89,70454.00,0.71,1085.16,Besni
141559,594.11,306.31,0.86,146674.00,0.76,1530.60,Besni
77622,460.14,226.58,0.87,82990.00,0.65,1205.14,Besni
179668,690.43,332.55,0.88,181954.00,0.78,1681.99,Besni
105091,507.69,268.09,0.85,108296.00,0.70,1295.59,Besni
66938,356.32,248.67,0.72,69880.00,0.71,1022.71,Besni
97494,451.78,278.28,0.79,101878.00,0.69,1254.76,Besni
101770,468.67,279.81,0.80,103475.00,0.79,1233.82,Besni
88338,504.48,227.13,0.89,90790.00,0.73,1230.49,Besni
119336,563.55,275.36,0.87,125523.00,0.67,1469.76,Besni
126019,520.68,316.19,0.79,130948.00,0.69,1422.24,Besni
154498,621.35,318.60,0.86,159694.00,0.75,1585.78,Besni
82632,471.37,227.39,0.88,87501.00,0.63,1243.99,Besni
218459,571.29,492.28,0.51,228259.00,0.73,1947.46,Besni
150420,607.71,316.81,0.85,153905.00,0.64,1557.27,Besni
110296,487.69,289.92,0.80,113271.00,0.69,1316.11,Besni
171264,609.64,359.22,0.81,174156.00,0.77,1592.10,Besni
110936,500.93,286.25,0.82,113888.00,0.73,1319.44,Besni
54502,346.46,204.08,0.81,56464.00,0.64,927.28,Besni
142415,532.08,342.42,0.77,144862.00,0.77,1449.80,Besni
94282,494.16,244.80,0.87,97707.00,0.70,1269.68,Besni
68799,356.57,253.25,0.70,71879.00,0.70,1041.27,Besni
79058,454.44,236.96,0.85,82555.00,0.58,1175.03,Besni
85646,469.77,238.54,0.86,92673.00,0.68,1226.89,Besni
107486,462.81,296.09,0.77,108914.00,0.76,1235.08,Besni
149703,637.87,304.62,0.88,154549.00,0.59,1596.36,Besni
187391,660.66,362.32,0.84,189799.00,0.71,1682.48,Besni
115272,511.47,291.59,0.82,119773.00,0.62,1392.65,Besni
83248,430.08,247.84,0.82,85839.00,0.67,1129.07,Besni
87350,440.74,259.29,0.81,90899.00,0.64,1214.25,Besni
99657,431.71,298.84,0.72,106264.00,0.74,1292.83,Besni
93523,476.34,254.18,0.85,97653.00,0.66,1258.55,Besni
85609,512.08,215.27,0.91,89197.00,0.63,1272.86,Besni